food,time
육전,2024-09-13 09:16:20
동그랑땡,2024-09-13 09:16:31
동태전,2024-09-13 09:18:06
송편,2024-09-13 09:18:23
약과,2024-09-13 10:38:42
pizza,2024-09-13 11:46:45
pizza,2024-09-13 11:46:47
pizza,2024-09-13 11:46:54
sushi,2024-09-13 11:46:59
피자,2024-09-13 11:50:43
피자,2024-09-13 11:51:02
ramen,2024-09-13 11:51:33
ramen,2024-09-13 11:51:38
ramen,2024-09-13 11:51:38
ramen,2024-09-13 11:51:38
pizza,2024-09-13 11:53:00
pizza,2024-09-13 11:53:02
pizza,2024-09-13 11:53:38
pizza,2024-09-13 11:53:49
pizza,2024-09-13 12:00:39
pizza,2024-09-13 12:00:41
동그랑땡,2024-09-13 12:01:55
cake,2024-09-13 12:02:40
cake,2024-09-13 12:04:38
cake,2024-09-13 12:04:42
pizza,2024-09-13 12:04:53
pizza,2024-09-13 12:08:39
고기,2024-09-13 12:10:31
고기,2024-09-13 12:10:33
고기,2024-09-13 12:10:35
피자,2024-09-13 12:10:52
피자,2024-09-13 12:10:53
피자,2024-09-13 12:10:54
피자,2024-09-13 12:10:54
피자,2024-09-13 12:10:54
cake,2024-09-13 12:11:03
cake,2024-09-13 12:11:06
cake,2024-09-13 12:13:46
pizza,2024-09-13 12:21:25
pizza,2024-09-13 12:21:33
cake,2024-09-13 12:25:18
cake,2024-09-13 12:25:19
cake,2024-09-13 12:25:19
cake,2024-09-13 12:25:19
cake,2024-09-13 12:25:19
cake,2024-09-13 12:25:19
cake,2024-09-13 12:25:58
cake,2024-09-13 12:25:58
cake,2024-09-13 12:25:58
cake,2024-09-13 12:25:58
cake,2024-09-13 12:25:58
cake,2024-09-13 12:25:59
cake,2024-09-13 12:25:59
cake,2024-09-13 12:25:59
cake,2024-09-13 12:25:59
vlwk,2024-09-13 12:29:35
피자,2024-09-13 12:29:38
피자,2024-09-13 12:29:39
피자,2024-09-13 12:29:41
피자,2024-09-13 12:29:44
pizza,2024-09-19 11:05:28
pizza,2024-09-19 11:06:07
sushi,2024-09-19 11:06:34
sushi,2024-09-19 11:07:52
sushi,2024-09-19 11:08:42
pizza,2024-09-19 11:09:24
chicken,2024-09-19 11:09:32
ramen,2024-09-19 11:09:39
cake,2024-09-19 11:09:50
동그랑땡,2024-09-19 11:10:10
육전,2024-09-19 11:15:42
소세지,2024-09-19 11:15:58
스팸,2024-09-19 11:29:46
